Sales Person,Geography,Product,Amount,Units,Amount in Number
Ram Mahesh,New Zealand,70% Dark Bites,"$1,624",114,1624
Brien Boise,USA,Choco Coated Almonds,"$6,706",459,6706
Husein Augar,USA,Almond Choco,$959,147,959
Carla Molina,Canada,Drinking Coco,"$9,632",288,9632
Curtice Advani,UK,White Choc,"$2,100",414,2100
Ram Mahesh,USA,Peanut Butter Cubes,"$8,869",432,8869
Curtice Advani,Australia,Smooth Sliky Salty,"$2,681",54,2681
Brien Boise,USA,After Nines,"$5,012",210,5012
Ches Bonnell,Australia,50% Dark Bites,"$1,281",75,1281
Gigi Bohling,New Zealand,50% Dark Bites,"$4,991",12,4991
Barr Faughny,UK,White Choc,"$1,785",462,1785
Gunar Cockshoot,New Zealand,Eclairs,"$3,983",144,3983
Husein Augar,Australia,Mint Chip Choco,"$2,646",120,2646
Barr Faughny,India,Milk Bars,$252,54,252
Gunar Cockshoot,USA,White Choc,"$2,464",234,2464
Gunar Cockshoot,USA,Manuka Honey Choco,"$2,114",66,2114
Curtice Advani,New Zealand,Smooth Sliky Salty,"$7,693",87,7693
Gigi Bohling,India,Orange Choco,"$15,610",339,15610
Carla Molina,India,After Nines,$336,144,336
Barr Faughny,UK,Orange Choco,"$9,443",162,9443
Husein Augar,India,Fruit & Nut Bars,"$8,155",90,8155
Brien Boise,Australia,Fruit & Nut Bars,"$1,701",234,1701
Oby Sorrel,Australia,After Nines,"$2,205",141,2205
Brien Boise,New Zealand,99% Dark & Pure,"$1,771",204,1771
Carla Molina,USA,Raspberry Choco,"$2,114",186,2114
Carla Molina,Canada,Milk Bars,"$10,311",231,10311
Gunar Cockshoot,UK,Mint Chip Choco,$21,168,21
Oby Sorrel,USA,Orange Choco,"$1,974",195,1974
Gigi Bohling,Canada,Fruit & Nut Bars,"$6,314",15,6314
Oby Sorrel,New Zealand,Fruit & Nut Bars,"$4,683",30,4683
Carla Molina,New Zealand,85% Dark Bars,"$6,398",102,6398
Barr Faughny,USA,99% Dark & Pure,$553,15,553
Brien Boise,UK,70% Dark Bites,"$7,021",183,7021
Ram Mahesh,UK,After Nines,"$5,817",12,5817
Carla Molina,UK,50% Dark Bites,"$3,976",72,3976
Curtice Advani,Australia,Organic Choco Syrup,"$1,134",282,1134
Barr Faughny,UK,Caramel Stuffed Bars,"$6,027",144,6027
Curtice Advani,New Zealand,Mint Chip Choco,"$1,904",405,1904
Ches Bonnell,India,Choco Coated Almonds,"$3,262",75,3262
Ram Mahesh,India,Organic Choco Syrup,"$2,289",135,2289
Gigi Bohling,India,Organic Choco Syrup,"$6,986",21,6986
Barr Faughny,Australia,Fruit & Nut Bars,"$4,417",153,4417
Curtice Advani,India,Raspberry Choco,"$1,442",15,1442
Gunar Cockshoot,USA,50% Dark Bites,"$2,415",255,2415
Barr Faughny,New Zealand,99% Dark & Pure,$238,18,238
Curtice Advani,New Zealand,Fruit & Nut Bars,"$4,949",189,4949
Gigi Bohling,Australia,Choco Coated Almonds,"$5,075",21,5075
Gunar Cockshoot,Canada,Mint Chip Choco,"$9,198",36,9198
Curtice Advani,India,Manuka Honey Choco,"$3,339",75,3339
Ram Mahesh,India,Eclairs,"$5,019",156,5019
Gigi Bohling,Canada,Mint Chip Choco,"$16,184",39,16184
Curtice Advani,Canada,Spicy Special Slims,$497,63,497
Barr Faughny,Canada,Manuka Honey Choco,"$8,211",75,8211
Barr Faughny,Australia,Caramel Stuffed Bars,"$6,580",183,6580
Carla Molina,USA,Milk Bars,"$4,760",69,4760
Ram Mahesh,Canada,White Choc,"$5,439",30,5439
Carla Molina,India,Eclairs,"$1,463",39,1463
Gunar Cockshoot,India,Choco Coated Almonds,"$7,777",504,7777
Husein Augar,New Zealand,Manuka Honey Choco,"$1,085",273,1085
Gigi Bohling,New Zealand,Smooth Sliky Salty,$182,48,182
Curtice Advani,India,Organic Choco Syrup,"$4,242",207,4242
Curtice Advani,Canada,Choco Coated Almonds,"$6,118",9,6118
Oby Sorrel,Canada,Fruit & Nut Bars,"$2,317",261,2317
Curtice Advani,Australia,Mint Chip Choco,$938,6,938
Brien Boise,New Zealand,Raspberry Choco,"$9,709",30,9709
Ches Bonnell,India,Orange Choco,"$2,205",138,2205
Ches Bonnell,New Zealand,Eclairs,"$4,487",111,4487
Gigi Bohling,USA,Drinking Coco,"$2,415",15,2415
Ram Mahesh,India,99% Dark & Pure,"$4,018",162,4018
Gigi Bohling,India,99% Dark & Pure,$861,195,861
Oby Sorrel,Australia,50% Dark Bites,"$5,586",525,5586
Ches Bonnell,India,Peanut Butter Cubes,"$2,226",48,2226
Husein Augar,India,Caramel Stuffed Bars,"$14,329",150,14329
Husein Augar,India,Orange Choco,"$8,463",492,8463
Gigi Bohling,India,Manuka Honey Choco,"$2,891",102,2891
Gunar Cockshoot,Canada,Fruit & Nut Bars,"$3,773",165,3773
Carla Molina,Canada,Caramel Stuffed Bars,$854,309,854
Curtice Advani,Canada,Eclairs,"$4,970",156,4970
Husein Augar,USA,Baker's Choco Chips,$98,159,98
Gigi Bohling,USA,Raspberry Choco,"$13,391",201,13391
Brien Boise,UK,Smooth Sliky Salty,"$8,890",210,8890
Barr Faughny,Australia,Milk Bars,$56,51,56
Gunar Cockshoot,Canada,White Choc,"$3,339",39,3339
Oby Sorrel,USA,Drinking Coco,"$3,808",279,3808
Oby Sorrel,Australia,Milk Bars,$63,123,63
Barr Faughny,UK,Organic Choco Syrup,"$7,812",81,7812
Ram Mahesh,New Zealand,99% Dark & Pure,"$7,693",21,7693
Gunar Cockshoot,Canada,Caramel Stuffed Bars,$973,162,973
Oby Sorrel,USA,Spicy Special Slims,$567,228,567
Oby Sorrel,Canada,Manuka Honey Choco,"$2,471",342,2471
Gigi Bohling,Australia,Milk Bars,"$7,189",54,7189
Carla Molina,USA,Caramel Stuffed Bars,"$7,455",216,7455
Gunar Cockshoot,India,Baker's Choco Chips,"$3,108",54,3108
Curtice Advani,Australia,White Choc,$469,75,469
Husein Augar,New Zealand,Fruit & Nut Bars,"$2,737",93,2737
Husein Augar,New Zealand,White Choc,"$4,305",156,4305
Husein Augar,Australia,Eclairs,"$2,408",9,2408
Gunar Cockshoot,Canada,99% Dark & Pure,"$1,281",18,1281
Ram Mahesh,USA,Choco Coated Almonds,"$12,348",234,12348
Gunar Cockshoot,India,Caramel Stuffed Bars,"$3,689",312,3689
Ches Bonnell,Canada,99% Dark & Pure,"$2,870",300,2870
Barr Faughny,Canada,Organic Choco Syrup,$798,519,798
Carla Molina,New Zealand,Spicy Special Slims,"$2,933",9,2933
Gigi Bohling,USA,Almond Choco,"$2,744",9,2744
Ram Mahesh,Canada,Peanut Butter Cubes,"$9,772",90,9772
Ches Bonnell,India,White Choc,"$1,568",96,1568
Barr Faughny,Canada,Mint Chip Choco,"$11,417",21,11417
Ram Mahesh,India,Baker's Choco Chips,"$6,748",48,6748
Oby Sorrel,Canada,Organic Choco Syrup,"$1,407",72,1407
Brien Boise,USA,Manuka Honey Choco,"$2,023",168,2023
Gigi Bohling,UK,Baker's Choco Chips,"$5,236",51,5236
Carla Molina,Canada,99% Dark & Pure,"$1,925",192,1925
Ches Bonnell,New Zealand,50% Dark Bites,"$6,608",225,6608
Curtice Advani,India,Baker's Choco Chips,"$8,008",456,8008
Oby Sorrel,India,White Choc,"$1,428",93,1428
Curtice Advani,India,Almond Choco,$525,48,525
Curtice Advani,New Zealand,Drinking Coco,"$1,505",102,1505
Ches Bonnell,USA,70% Dark Bites,"$6,755",252,6755
Barr Faughny,New Zealand,Drinking Coco,"$11,571",138,11571
Ram Mahesh,Australia,White Choc,"$2,541",90,2541
Carla Molina,New Zealand,70% Dark Bites,"$1,526",240,1526
Ram Mahesh,Australia,Almond Choco,"$6,125",102,6125
Carla Molina,USA,Organic Choco Syrup,$847,129,847
Brien Boise,USA,Organic Choco Syrup,"$4,753",300,4753
Curtice Advani,Australia,Peanut Butter Cubes,$959,135,959
Ches Bonnell,USA,85% Dark Bars,"$2,793",114,2793
Ches Bonnell,USA,50% Dark Bites,"$4,606",63,4606
Ches Bonnell,Canada,Manuka Honey Choco,"$5,551",252,5551
Oby Sorrel,Canada,Choco Coated Almonds,"$6,657",303,6657
Ches Bonnell,UK,Eclairs,"$4,438",246,4438
Brien Boise,Australia,After Nines,$168,84,168
Ches Bonnell,India,Eclairs,"$7,777",39,7777
Gigi Bohling,Canada,Eclairs,"$3,339",348,3339
Ches Bonnell,New Zealand,Peanut Butter Cubes,"$6,391",48,6391
Gigi Bohling,New Zealand,After Nines,$518,75,518
Ches Bonnell,Australia,Caramel Stuffed Bars,"$5,677",258,5677
Curtice Advani,UK,Eclairs,"$6,048",27,6048
Brien Boise,Australia,Choco Coated Almonds,"$3,752",213,3752
Gigi Bohling,USA,Manuka Honey Choco,"$4,480",357,4480
Husein Augar,New Zealand,Almond Choco,$259,207,259
Brien Boise,New Zealand,70% Dark Bites,$42,150,42
Carla Molina,Canada,Baker's Choco Chips,$98,204,98
Ches Bonnell,USA,Organic Choco Syrup,"$2,478",21,2478
Carla Molina,India,Peanut Butter Cubes,"$7,847",174,7847
Barr Faughny,New Zealand,Eclairs,"$9,926",201,9926
Brien Boise,Australia,Milk Bars,$819,510,819
Curtice Advani,UK,Manuka Honey Choco,"$3,052",378,3052
Husein Augar,India,Spicy Special Slims,"$6,832",27,6832
Barr Faughny,UK,Mint Chip Choco,"$2,016",117,2016
Curtice Advani,Australia,Spicy Special Slims,"$7,322",36,7322
Brien Boise,USA,Peanut Butter Cubes,$357,126,357
Husein Augar,UK,White Choc,"$3,192",72,3192
Ches Bonnell,Canada,After Nines,"$8,435",42,8435
Ram Mahesh,UK,Manuka Honey Choco,$0,135,0
Ches Bonnell,India,85% Dark Bars,"$8,862",189,8862
Curtice Advani,New Zealand,Caramel Stuffed Bars,"$3,556",459,3556
Gigi Bohling,India,Raspberry Choco,"$7,280",201,7280
Curtice Advani,India,70% Dark Bites,"$3,402",366,3402
Gunar Cockshoot,New Zealand,Manuka Honey Choco,"$4,592",324,4592
Husein Augar,USA,Raspberry Choco,"$7,833",243,7833
Barr Faughny,UK,Spicy Special Slims,"$7,651",213,7651
Ram Mahesh,USA,70% Dark Bites,"$2,275",447,2275
Ram Mahesh,Australia,Milk Bars,"$5,670",297,5670
Ches Bonnell,USA,Mint Chip Choco,"$2,135",27,2135
Ram Mahesh,India,Fruit & Nut Bars,"$2,779",75,2779
Oby Sorrel,UK,Peanut Butter Cubes,"$12,950",30,12950
Ches Bonnell,Canada,Drinking Coco,"$2,646",177,2646
Ram Mahesh,India,Peanut Butter Cubes,"$3,794",159,3794
Gunar Cockshoot,USA,Peanut Butter Cubes,$819,306,819
Gunar Cockshoot,India,Orange Choco,"$2,583",18,2583
Ches Bonnell,USA,99% Dark & Pure,"$4,585",240,4585
Gigi Bohling,India,Peanut Butter Cubes,"$1,652",93,1652
Oby Sorrel,India,Baker's Choco Chips,"$4,991",9,4991
Brien Boise,India,Mint Chip Choco,"$2,009",219,2009
Barr Faughny,UK,After Nines,"$1,568",141,1568
Carla Molina,New Zealand,Orange Choco,"$3,388",123,3388
Ram Mahesh,Australia,85% Dark Bars,$623,51,623
Curtice Advani,Canada,Almond Choco,"$10,073",120,10073
Brien Boise,UK,Baker's Choco Chips,"$1,561",27,1561
Husein Augar,Canada,Organic Choco Syrup,"$11,522",204,11522
Curtice Advani,Australia,Milk Bars,"$2,317",123,2317
Oby Sorrel,New Zealand,Caramel Stuffed Bars,"$3,059",27,3059
Carla Molina,New Zealand,Baker's Choco Chips,"$2,324",177,2324
Gunar Cockshoot,UK,Baker's Choco Chips,"$4,956",171,4956
Oby Sorrel,India,99% Dark & Pure,"$5,355",204,5355
Gunar Cockshoot,India,50% Dark Bites,"$7,259",276,7259
Brien Boise,New Zealand,Baker's Choco Chips,"$6,279",45,6279
Ram Mahesh,Australia,Manuka Honey Choco,"$2,541",45,2541
Curtice Advani,USA,Organic Choco Syrup,"$3,864",177,3864
Gigi Bohling,Canada,Milk Bars,"$6,146",63,6146
Husein Augar,UK,Drinking Coco,"$2,639",204,2639
Brien Boise,New Zealand,After Nines,"$1,890",195,1890
Ches Bonnell,India,50% Dark Bites,"$1,932",369,1932
Gunar Cockshoot,India,White Choc,"$6,300",42,6300
Curtice Advani,New Zealand,70% Dark Bites,$560,81,560
Husein Augar,New Zealand,Baker's Choco Chips,"$2,856",246,2856
Husein Augar,India,Eclairs,$707,174,707
Brien Boise,USA,70% Dark Bites,"$3,598",81,3598
Ram Mahesh,USA,After Nines,"$6,853",372,6853
Ram Mahesh,USA,Mint Chip Choco,"$4,725",174,4725
Carla Molina,Canada,Choco Coated Almonds,"$10,304",84,10304
Carla Molina,India,Mint Chip Choco,"$1,274",225,1274
Gigi Bohling,Canada,70% Dark Bites,"$1,526",105,1526
Ram Mahesh,UK,Caramel Stuffed Bars,"$3,101",225,3101
Barr Faughny,New Zealand,50% Dark Bites,"$1,057",54,1057
Ches Bonnell,New Zealand,Baker's Choco Chips,"$5,306",0,5306
Gigi Bohling,UK,85% Dark Bars,"$4,018",171,4018
Husein Augar,India,Mint Chip Choco,$938,189,938
Ches Bonnell,Australia,Drinking Coco,"$1,778",270,1778
Curtice Advani,UK,70% Dark Bites,"$1,638",63,1638
Carla Molina,Australia,White Choc,$154,21,154
Ches Bonnell,New Zealand,After Nines,"$9,835",207,9835
Husein Augar,New Zealand,Orange Choco,"$7,273",96,7273
Gigi Bohling,UK,After Nines,"$6,909",81,6909
Husein Augar,UK,85% Dark Bars,"$3,920",306,3920
Oby Sorrel,UK,Spicy Special Slims,"$4,858",279,4858
Barr Faughny,Australia,Almond Choco,"$3,549",3,3549
Ches Bonnell,UK,Organic Choco Syrup,$966,198,966
Gigi Bohling,UK,Drinking Coco,$385,249,385
Curtice Advani,India,Mint Chip Choco,"$2,219",75,2219
Husein Augar,Canada,Choco Coated Almonds,"$2,954",189,2954
Ches Bonnell,Canada,Choco Coated Almonds,$280,87,280
Carla Molina,Canada,70% Dark Bites,"$6,118",174,6118
Barr Faughny,UK,Raspberry Choco,"$4,802",36,4802
Husein Augar,Australia,85% Dark Bars,"$4,137",60,4137
Gunar Cockshoot,USA,Fruit & Nut Bars,"$2,023",78,2023
Husein Augar,Canada,70% Dark Bites,"$9,051",57,9051
Husein Augar,New Zealand,Caramel Stuffed Bars,"$2,919",45,2919
Carla Molina,Australia,After Nines,"$5,915",3,5915
Oby Sorrel,USA,Raspberry Choco,"$2,562",6,2562
Gigi Bohling,New Zealand,White Choc,"$8,813",21,8813
Gigi Bohling,Canada,Drinking Coco,"$6,111",3,6111
Brien Boise,India,Smooth Sliky Salty,"$3,507",288,3507
Curtice Advani,Canada,Milk Bars,"$4,319",30,4319
Ram Mahesh,Australia,Baker's Choco Chips,$609,87,609
Ram Mahesh,UK,Organic Choco Syrup,"$6,370",30,6370
Gigi Bohling,Australia,99% Dark & Pure,"$5,474",168,5474
Ram Mahesh,Canada,Organic Choco Syrup,"$3,164",306,3164
Curtice Advani,USA,Almond Choco,"$1,302",402,1302
Gunar Cockshoot,New Zealand,Caramel Stuffed Bars,"$7,308",327,7308
Ram Mahesh,New Zealand,Organic Choco Syrup,"$6,132",93,6132
Oby Sorrel,USA,50% Dark Bites,"$3,472",96,3472
Brien Boise,UK,Drinking Coco,"$9,660",27,9660
Husein Augar,Australia,Baker's Choco Chips,"$2,436",99,2436
Husein Augar,Australia,Peanut Butter Cubes,"$9,506",87,9506
Oby Sorrel,New Zealand,Spicy Special Slims,$245,288,245
Brien Boise,USA,Orange Choco,"$2,702",363,2702
Oby Sorrel,India,Eclairs,$700,87,700
Curtice Advani,India,Eclairs,"$3,759",150,3759
Barr Faughny,USA,Eclairs,"$1,589",303,1589
Ches Bonnell,USA,Caramel Stuffed Bars,"$5,194",288,5194
Oby Sorrel,Canada,Milk Bars,$945,75,945
Ram Mahesh,Australia,Smooth Sliky Salty,"$1,988",39,1988
Curtice Advani,India,Choco Coated Almonds,"$6,734",123,6734
Ram Mahesh,Canada,Almond Choco,$217,36,217
Gigi Bohling,India,After Nines,"$6,279",237,6279
Ram Mahesh,Canada,Milk Bars,"$4,424",201,4424
Barr Faughny,Canada,Eclairs,$189,48,189
Gigi Bohling,USA,After Nines,$490,84,490
Brien Boise,New Zealand,Spicy Special Slims,$434,87,434
Ches Bonnell,Australia,70% Dark Bites,"$10,129",312,10129
Gunar Cockshoot,UK,Caramel Stuffed Bars,"$1,652",102,1652
Brien Boise,Australia,Spicy Special Slims,"$6,433",78,6433
Gunar Cockshoot,India,Fruit & Nut Bars,"$2,212",117,2212
Carla Molina,USA,99% Dark & Pure,$609,99,609
Ram Mahesh,USA,85% Dark Bars,"$1,638",48,1638
Ches Bonnell,India,Raspberry Choco,"$3,829",24,3829
Ram Mahesh,UK,Raspberry Choco,"$5,775",42,5775
Curtice Advani,USA,Orange Choco,"$1,071",270,1071
Brien Boise,Canada,Fruit & Nut Bars,"$5,019",150,5019
Barr Faughny,New Zealand,Raspberry Choco,"$2,863",42,2863
Ram Mahesh,USA,Manuka Honey Choco,"$1,617",126,1617
Curtice Advani,New Zealand,Baker's Choco Chips,"$6,818",6,6818
Gunar Cockshoot,USA,Raspberry Choco,"$6,657",276,6657
Gunar Cockshoot,India,Eclairs,"$2,919",93,2919
Barr Faughny,Canada,Smooth Sliky Salty,"$3,094",246,3094
Curtice Advani,UK,85% Dark Bars,"$2,989",3,2989
Brien Boise,Australia,Organic Choco Syrup,"$2,268",63,2268
Gigi Bohling,USA,Smooth Sliky Salty,"$4,753",246,4753
Barr Faughny,India,99% Dark & Pure,"$7,511",120,7511
Barr Faughny,Australia,Smooth Sliky Salty,"$4,326",348,4326
Carla Molina,India,Fruit & Nut Bars,"$4,935",126,4935
Curtice Advani,USA,70% Dark Bites,"$4,781",123,4781
Gigi Bohling,Australia,White Choc,"$7,483",45,7483
Oby Sorrel,Australia,Almond Choco,"$6,860",126,6860
Ram Mahesh,New Zealand,Manuka Honey Choco,"$9,002",72,9002
Curtice Advani,Canada,Manuka Honey Choco,"$1,400",135,1400
Oby Sorrel,India,After Nines,"$4,053",24,4053
Ches Bonnell,Canada,Smooth Sliky Salty,"$2,149",117,2149
Gunar Cockshoot,UK,Manuka Honey Choco,"$3,640",51,3640
Barr Faughny,UK,Fruit & Nut Bars,$630,36,630
Husein Augar,USA,Organic Choco Syrup,"$2,429",144,2429
Husein Augar,Canada,White Choc,"$2,142",114,2142
Ches Bonnell,New Zealand,70% Dark Bites,"$6,454",54,6454
Ches Bonnell,New Zealand,Mint Chip Choco,"$4,487",333,4487
Gunar Cockshoot,New Zealand,Almond Choco,$938,366,938
Gunar Cockshoot,Australia,Baker's Choco Chips,"$8,841",303,8841
Barr Faughny,UK,Peanut Butter Cubes,"$4,018",126,4018
Carla Molina,New Zealand,Raspberry Choco,$714,231,714
Husein Augar,Australia,White Choc,"$3,850",102,3850
