,Sales Person,Geography,Product,Amount,Units,Amount in Number
1,Brien Boise,USA,Choco Coated Almonds,"$6,706",459,6706
3,Carla Molina,Canada,Drinking Coco,"$9,632",288,9632
4,Curtice Advani,UK,White Choc,"$2,100",414,2100
5,Ram Mahesh,USA,Peanut Butter Cubes,"$8,869",432,8869
7,Brien Boise,USA,After Nines,"$5,012",210,5012
10,Barr Faughny,UK,White Choc,"$1,785",462,1785
14,Gunar Cockshoot,USA,White Choc,"$2,464",234,2464
17,Gigi Bohling,India,Orange Choco,"$15,610",339,15610
21,Brien Boise,Australia,Fruit & Nut Bars,"$1,701",234,1701
23,Brien Boise,New Zealand,99% Dark & Pure,"$1,771",204,1771
25,Carla Molina,Canada,Milk Bars,"$10,311",231,10311
35,Curtice Advani,Australia,Organic Choco Syrup,"$1,134",282,1134
37,Curtice Advani,New Zealand,Mint Chip Choco,"$1,904",405,1904
43,Gunar Cockshoot,USA,50% Dark Bites,"$2,415",255,2415
57,Gunar Cockshoot,India,Choco Coated Almonds,"$7,777",504,7777
58,Husein Augar,New Zealand,Manuka Honey Choco,"$1,085",273,1085
60,Curtice Advani,India,Organic Choco Syrup,"$4,242",207,4242
62,Oby Sorrel,Canada,Fruit & Nut Bars,"$2,317",261,2317
70,Oby Sorrel,Australia,50% Dark Bites,"$5,586",525,5586
73,Husein Augar,India,Orange Choco,"$8,463",492,8463
76,Carla Molina,Canada,Caramel Stuffed Bars,$854,309,854
79,Gigi Bohling,USA,Raspberry Choco,"$13,391",201,13391
80,Brien Boise,UK,Smooth Sliky Salty,"$8,890",210,8890
83,Oby Sorrel,USA,Drinking Coco,"$3,808",279,3808
88,Oby Sorrel,USA,Spicy Special Slims,$567,228,567
89,Oby Sorrel,Canada,Manuka Honey Choco,"$2,471",342,2471
91,Carla Molina,USA,Caramel Stuffed Bars,"$7,455",216,7455
98,Ram Mahesh,USA,Choco Coated Almonds,"$12,348",234,12348
99,Gunar Cockshoot,India,Caramel Stuffed Bars,"$3,689",312,3689
100,Ches Bonnell,Canada,99% Dark & Pure,"$2,870",300,2870
101,Barr Faughny,Canada,Organic Choco Syrup,$798,519,798
112,Ches Bonnell,New Zealand,50% Dark Bites,"$6,608",225,6608
113,Curtice Advani,India,Baker's Choco Chips,"$8,008",456,8008
117,Ches Bonnell,USA,70% Dark Bites,"$6,755",252,6755
120,Carla Molina,New Zealand,70% Dark Bites,"$1,526",240,1526
123,Brien Boise,USA,Organic Choco Syrup,"$4,753",300,4753
127,Ches Bonnell,Canada,Manuka Honey Choco,"$5,551",252,5551
128,Oby Sorrel,Canada,Choco Coated Almonds,"$6,657",303,6657
129,Ches Bonnell,UK,Eclairs,"$4,438",246,4438
132,Gigi Bohling,Canada,Eclairs,"$3,339",348,3339
135,Ches Bonnell,Australia,Caramel Stuffed Bars,"$5,677",258,5677
137,Brien Boise,Australia,Choco Coated Almonds,"$3,752",213,3752
138,Gigi Bohling,USA,Manuka Honey Choco,"$4,480",357,4480
139,Husein Augar,New Zealand,Almond Choco,$259,207,259
141,Carla Molina,Canada,Baker's Choco Chips,$98,204,98
144,Barr Faughny,New Zealand,Eclairs,"$9,926",201,9926
145,Brien Boise,Australia,Milk Bars,$819,510,819
146,Curtice Advani,UK,Manuka Honey Choco,"$3,052",378,3052
155,Curtice Advani,New Zealand,Caramel Stuffed Bars,"$3,556",459,3556
156,Gigi Bohling,India,Raspberry Choco,"$7,280",201,7280
157,Curtice Advani,India,70% Dark Bites,"$3,402",366,3402
158,Gunar Cockshoot,New Zealand,Manuka Honey Choco,"$4,592",324,4592
159,Husein Augar,USA,Raspberry Choco,"$7,833",243,7833
160,Barr Faughny,UK,Spicy Special Slims,"$7,651",213,7651
161,Ram Mahesh,USA,70% Dark Bites,"$2,275",447,2275
162,Ram Mahesh,Australia,Milk Bars,"$5,670",297,5670
168,Gunar Cockshoot,USA,Peanut Butter Cubes,$819,306,819
170,Ches Bonnell,USA,99% Dark & Pure,"$4,585",240,4585
173,Brien Boise,India,Mint Chip Choco,"$2,009",219,2009
179,Husein Augar,Canada,Organic Choco Syrup,"$11,522",204,11522
184,Oby Sorrel,India,99% Dark & Pure,"$5,355",204,5355
185,Gunar Cockshoot,India,50% Dark Bites,"$7,259",276,7259
190,Husein Augar,UK,Drinking Coco,"$2,639",204,2639
192,Ches Bonnell,India,50% Dark Bites,"$1,932",369,1932
195,Husein Augar,New Zealand,Baker's Choco Chips,"$2,856",246,2856
198,Ram Mahesh,USA,After Nines,"$6,853",372,6853
201,Carla Molina,India,Mint Chip Choco,"$1,274",225,1274
203,Ram Mahesh,UK,Caramel Stuffed Bars,"$3,101",225,3101
208,Ches Bonnell,Australia,Drinking Coco,"$1,778",270,1778
211,Ches Bonnell,New Zealand,After Nines,"$9,835",207,9835
214,Husein Augar,UK,85% Dark Bars,"$3,920",306,3920
215,Oby Sorrel,UK,Spicy Special Slims,"$4,858",279,4858
218,Gigi Bohling,UK,Drinking Coco,$385,249,385
232,Brien Boise,India,Smooth Sliky Salty,"$3,507",288,3507
237,Ram Mahesh,Canada,Organic Choco Syrup,"$3,164",306,3164
238,Curtice Advani,USA,Almond Choco,"$1,302",402,1302
239,Gunar Cockshoot,New Zealand,Caramel Stuffed Bars,"$7,308",327,7308
245,Oby Sorrel,New Zealand,Spicy Special Slims,$245,288,245
246,Brien Boise,USA,Orange Choco,"$2,702",363,2702
249,Barr Faughny,USA,Eclairs,"$1,589",303,1589
250,Ches Bonnell,USA,Caramel Stuffed Bars,"$5,194",288,5194
255,Gigi Bohling,India,After Nines,"$6,279",237,6279
256,Ram Mahesh,Canada,Milk Bars,"$4,424",201,4424
260,Ches Bonnell,Australia,70% Dark Bites,"$10,129",312,10129
268,Curtice Advani,USA,Orange Choco,"$1,071",270,1071
273,Gunar Cockshoot,USA,Raspberry Choco,"$6,657",276,6657
275,Barr Faughny,Canada,Smooth Sliky Salty,"$3,094",246,3094
278,Gigi Bohling,USA,Smooth Sliky Salty,"$4,753",246,4753
280,Barr Faughny,Australia,Smooth Sliky Salty,"$4,326",348,4326
294,Ches Bonnell,New Zealand,Mint Chip Choco,"$4,487",333,4487
295,Gunar Cockshoot,New Zealand,Almond Choco,$938,366,938
296,Gunar Cockshoot,Australia,Baker's Choco Chips,"$8,841",303,8841
298,Carla Molina,New Zealand,Raspberry Choco,$714,231,714
